{
    "devices": [
        {
            "manufacturerId": "LiteOS01",
            "manufacturerName": "LiteOSDGP",
            "model": "MTRX01",
            "protocolType": "CoAP",
            "deviceType": "LedAdvert",
            "serviceTypeCapabilities": [
                {
                    "serviceId": "LedChar",
                    "serviceType": "LedChar",
                    "option": "Master"
                },
                {
                    "serviceId": "CharRoll",
                    "serviceType": "CharRoll",
                    "option": "Mandatory"
                }
            ]
        }
    ]
}