{
	"services": [{
		"serviceType": "CharRoll",
		"description": "CharRoll",
		"commands": [{
			"commandName": "SET_LED_CHAR_ROLL",
			"paras": [{
				"paraName": "ledcharroll",
				"dataType": "int",
				"required": true,
				"min": 0,
				"max": 1,
				"step": 1,
				"maxLength": 0,
				"unit": null,
				"enumList": null
			}

			],
			"responses": [{
				"responseName": "SET_LED_CHAR_ROLL_RSP",
				"paras": [{
					"paraName": "setrollstatus",
					"dataType": "int",
					"required": true,
					"min": 0,
					"max": 1,
					"step": 1,
					"maxLength": 0,
					"unit": null,
					"enumList": null
				}]
			}]
		}],
		"properties": [{
			"propertyName": "rollstatus",
			"dataType": "int",
			"required": true,
			"min": 0,
			"max": 1,
			"step": 1,
			"maxLength": 0,
			"method": "RWE",
			"unit": null,
			"enumList": null
		}]
	}]
}