{
    "specVersion": "1.0",
    "fileName": "codec-demo",
    "version": "1.0.0",
    "deviceType": "LedAdvert",
    "manufacturerName": "LiteOSDGP",
    "model": "MTRX01",
    "description": "codec",
    "platform": "linux",
    "packageType": "CIGPlugin",
    "date": "2017-06-11 12:16:59",
    "ignoreList": [],
    "bundles": [
        {
            "bundleName": "LedAdvert-LiteOS01-MTRX01",
            "bundleVersion": "1.0.0",
            "priority": 5,
            "fileName": "LedAdvert-LiteOS01-MTRX01-1.0.0.jar",
            "bundleDesc": "",
            "versionDesc": ""
        }
    ]
}